<?xml version="1.0" encoding="utf-8"?>
<!-- Copyright (C) 2013 The Android Open Source Project

     Licensed under the Apache License, Version 2.0 (the "License");
     you may not use this file except in compliance with the License.
     You may obtain a copy of the License at

          http://www.apache.org/licenses/LICENSE-2.0

     Unless required by applicable law or agreed to in writing, software
     distributed under the License is distributed on an "AS IS" BASIS,
     WITHOUT WARRANTIES OR CONDITIONS OF ANY KIND, either express or implied.
     See the License for the specific language governing permissions and
     limitations under the License.
-->
<devices>

  <device id="pixel_2" name="Pixel 2">
    <orientation name="port" size="1370,2534" screenPos="140,280" screenSize="1080,1920" shadow="port_shadow.webp" back="port_back.webp" lights="port_fore.webp"/>
    <orientation name="land" size="2596,1258" screenPos="338,68" screenSize="1920,1080" shadow="land_shadow.webp" back="land_back.webp" lights="land_fore.webp"/>
  </device>

  <device id="pixel_2_xl" name="Pixel 2 XL">
    <orientation name="port" size="1858,3456" screenPos="201,245" screenSize="1440,2880" shadow="port_shadow.webp" back="port_back.webp" lights="port_fore.webp"/>
    <orientation name="land" size="3477,1754" screenPos="305,108" screenSize="2880,1440" shadow="land_shadow.webp" back="land_back.webp" lights="land_fore.webp"/>
  </device>

  <device id="pixel" name="Pixel">
    <orientation name="port" size="1370,2534" screenPos="139,285" screenSize="1080,1920" shadow="port_shadow.webp" back="port_back.webp" lights="port_fore.webp"/>
    <orientation name="land" size="2596,1258" screenPos="338,78" screenSize="1920,1080" shadow="land_shadow.webp" back="land_back.webp" lights="land_fore.webp"/>
  </device>

  <device id="pixel_silver" name="Pixel Silver">
    <orientation name="port" size="1370,2534" screenPos="139,285" screenSize="1080,1920" shadow="port_shadow.webp" back="port_back.webp" lights="port_fore.webp"/>
    <orientation name="land" size="2596,1258" screenPos="338,78" screenSize="1920,1080" shadow="land_shadow.webp" back="land_back.webp" lights="land_fore.webp"/>
  </device>

  <device id="pixel_xl" name="Pixel XL">
    <orientation name="port" size="1840,3297" screenPos="200,325" screenSize="1440,2560" shadow="port_shadow.webp" back="port_back.webp" lights="port_fore.webp"/>
    <orientation name="land" size="3427,1654" screenPos="393,92" screenSize="2560,1440" shadow="land_shadow.webp" back="land_back.webp" lights="land_fore.webp"/>
  </device>

  <device id="pixel_xl_silver" name="Pixel XL Silver">
    <orientation name="port" size="1840,3297" screenPos="200,325" screenSize="1440,2560" shadow="port_shadow.webp" back="port_back.webp" lights="port_fore.webp"/>
    <orientation name="land" size="3427,1654" screenPos="393,92" screenSize="2560,1440" shadow="land_shadow.webp" back="land_back.webp" lights="land_fore.webp"/>
  </device>

  <device id="pixel_c" name="Pixel C">
    <orientation name="port" size="2307,2971" screenPos="259,181" screenSize="1800,2560" shadow="port_shadow.webp" back="port_back.webp" lights="port_fore.webp"/>
    <orientation name="land" size="3096,2215" screenPos="269,188" screenSize="2560,1800" shadow="land_shadow.webp" back="land_back.webp" lights="land_fore.webp"/>
  </device>

  <device id="nexus_5x" name="Nexus 5X">
    <orientation name="port" size="1370,2446" screenPos="147,233" screenSize="1080,1920" shadow="port_shadow.webp" back="port_back.webp" lights="port_fore.webp"/>
    <orientation name="land" size="2497,1234" screenPos="278,63" screenSize="1920,1080" shadow="land_shadow.webp" back="land_back.webp" lights="land_fore.webp"/>
  </device>

  <device id="nexus_6p" name="Nexus 6P">
    <orientation name="port" size="1840,3251" screenPos="195,329" screenSize="1440,2560" shadow="port_shadow.webp" back="port_back.webp" lights="port_fore.webp"/>
    <orientation name="land" size="3427,1620" screenPos="442,71" screenSize="2560,1440" shadow="land_shadow.webp" back="land_back.webp" lights="land_fore.webp"/>
  </device>

  <device id="watch_square" name="Watch Square">
    <orientation name="port" size="474,403" screenPos="100,38" screenSize="280,280" shadow="shadow.png" back="back.png" lights="fore.png" mask="mask.png"/>
    <orientation name="land" size="474,403" screenPos="100,38" screenSize="280,280" shadow="shadow.png" back="back.png" lights="fore.png" mask="mask.png"/>
  </device>

  <device id="watch_round" name="Watch Round">
    <orientation name="port" size="370,424" screenPos="25,26" screenSize="320,320" shadow="shadow.png" back="back.png" lights="fore.png" mask="mask.png"/>
    <orientation name="land" size="370,424" screenPos="25,26" screenSize="320,320" shadow="shadow.png" back="back.png" lights="fore.png" mask="mask.png"/>
  </device>

  <device id="tv_1080p" name="Android TV 1080p">
    <orientation name="land" size="2090,1255" screenPos="85,59" screenSize="1920,1080" shadow="shadow.png" back="back.png" lights="fore.png"/>
  </device>

  <device id="tv_4k" name="Android TV 4K">
    <orientation name="land" size="4180,2510" screenPos="170,118" screenSize="3840,2160" shadow="shadow.png" back="back.png" lights="fore.png"/>
  </device>

  <device id="tv_720p" name="Android TV 720p">
    <orientation name="land" size="1394,837" screenPos="57,39" screenSize="1280,720" shadow="shadow.png" back="back.png" lights="fore.png"/>
  </device>

  <device id="nexus_9" name="Nexus 9">
    <orientation name="port" size="1978,2631" screenPos="219,264" screenSize="1536,2048" shadow="port_shadow.webp" back="port_back.webp" lights="port_fore.webp"/>
    <orientation name="land" size="2854,1785" screenPos="401,100" screenSize="2048,1536" shadow="land_shadow.webp" back="land_back.webp" lights="land_fore.webp"/>
  </device>

  <device id="nexus_6" name="Nexus 6">
    <orientation name="port" size="1896,3054" screenPos="229,239" screenSize="1440,2560" shadow="port_shadow.webp" back="port_back.webp" lights="port_fore.webp"/>
    <orientation name="land" size="3142,1639" screenPos="318,76" screenSize="2560,1440" shadow="land_shadow.webp" back="land_back.webp" lights="land_fore.webp"/>
  </device>

  <device id="nexus_5" name="Nexus 5">
    <orientation name="port" size="1370,2405" screenPos="144,195" screenSize="1080,1920" shadow="port_shadow.webp" back="port_back.webp" lights="port_fore.webp"/>
    <orientation name="land" size="2497,1235" screenPos="261,65" screenSize="1920,1080" shadow="land_shadow.webp" back="land_back.webp" lights="land_fore.webp"/>
  </device>

  <device id="nexus_4" name="Nexus 4">
    <orientation name="port" size="958,1678" screenPos="94,187" screenSize="768,1280" shadow="port_shadow.webp" back="port_back.webp" lights="port_fore.webp"/>
    <orientation name="land" size="1799,885" screenPos="257,45" screenSize="1280,768" shadow="land_shadow.webp" back="land_back.webp" lights="land_fore.webp"/>
  </device>

  <device id="nexus_7_2013" name="Nexus 7">
    <orientation name="port" size="1596,2571" screenPos="195,301" screenSize="1200,1920" shadow="port_shadow.webp" back="port_back.webp" lights="port_fore.webp"/>
    <orientation name="land" size="2772,1479" screenPos="423,120" screenSize="1920,1200" shadow="land_shadow.webp" back="land_back.webp" lights="land_fore.webp"/>
  </device>

  <device id="nexus_7" name="Nexus 7 (2012)">
    <orientation name="port" size="1094,1689" screenPos="142,190" screenSize="800,1280" shadow="port_shadow.webp" back="port_back.webp" lights="port_fore.webp"/>
    <orientation name="land" size="1803,1045" screenPos="260,105" screenSize="1280,800" shadow="land_shadow.webp" back="land_back.webp" lights="land_fore.webp"/>
  </device>

  <device id="nexus_10" name="Nexus 10">
    <orientation name="port" size="2330,3136" screenPos="366,266" screenSize="1600,2560" shadow="port_shadow.webp" back="port_back.webp" lights="port_fore.webp"/>
    <orientation name="land" size="3340,2176" screenPos="388,266" screenSize="2560,1600" shadow="land_shadow.webp" back="land_back.webp" lights="land_fore.webp"/>
  </device>

  <device id="xoom" name="Motorola XOOM">
    <orientation name="port" size="1170,1471" screenPos="185,83" screenSize="800,1280" shadow="port_shadow.webp" back="port_back.webp" lights="port_fore.webp"/>
    <orientation name="land" size="1569,998" screenPos="152,89" screenSize="1280,800" shadow="land_shadow.webp" back="land_back.webp" lights="land_fore.webp"/>
  </device>

  <device id="galaxy_nexus" name="Galaxy Nexus">
    <orientation name="port" size="1101,1709" screenPos="192,213" screenSize="720,1280" shadow="port_shadow.webp" back="port_back.webp" lights="port_fore.webp"/>
    <orientation name="land" size="1847,886" screenPos="304,68" screenSize="1280,720" shadow="land_shadow.webp" back="land_back.webp" lights="land_fore.webp"/>
  </device>

  <device id="nexus_s" name="Nexus S">
    <orientation name="port" size="719,1139" screenPos="119,160" screenSize="480,800" shadow="port_shadow.webp" back="port_back.webp" lights="port_fore.webp"/>
    <orientation name="land" size="1210,586" screenPos="208,44" screenSize="800,480" shadow="land_shadow.webp" back="land_back.webp" lights="land_fore.webp"/>
  </device>

  <device id="nexus_one" name="Nexus One">
    <orientation name="port" size="732,1178" screenPos="125,131" screenSize="480,800" shadow="port_shadow.webp" back="port_back.webp"/>
    <orientation name="land" size="1300,612" screenPos="200,52" screenSize="800,480" shadow="land_shadow.webp" back="land_back.webp"/>
  </device>

  <device id="phone" name="Generic Phone">
    <orientation name="port" size="568,256" screenPos="113,93" screenSize="343,46" shadow="phone_shadow_simple_port.9.png" back="phone_back_simple_port.9.png"/>
    <orientation name="land" size="607,350" screenPos="141,36" screenSize="324,255" shadow="phone_shadow_simple_land.9.png" back="phone_back_simple_land.9.png"/>
  </device>

  <device id="tablet" name="Generic Tablet">
    <orientation name="port" size="1310,313" screenPos="256,111" screenSize="802,55" shadow="tablet_shadow_simple_port.9.png" back="tablet_back_simple.9.png"/>
    <orientation name="land" size="1310,313" screenPos="256,111" screenSize="802,55" shadow="tablet_shadow_simple_land.9.png" back="tablet_back_simple.9.png"/>
  </device>

  <device id="automotive_1024" name="Automotive">
    <orientation name="land" size="1461,1481" screenPos="218,124" screenSize="1024,768" back="back.png" lights="fore.png"/>
  </device>

</devices>
